<i>
  <i image="regen_0.png" delay="120" x="38" y="-428"/>
  <i image="regen_1.png" delay="120" x="38" y="-428"/>
  <i image="regen_2.png" delay="120" x="38" y="-428"/>
  <i image="regen_3.png" delay="120" x="38" y="-428"/>
  <i image="regen_4.png" delay="120" x="38" y="-428"/>
  <i image="regen_5.png" delay="120" x="38" y="-428"/>
  <i image="regen_6.png" delay="120" x="38" y="-428"/>
  <i image="regen_7.png" delay="120" x="38" y="-428"/>
  <i image="regen_8.png" delay="120" x="38" y="-428"/>
  <i image="stand_0.png" delay="130" x="43" y="-375"/>
  <i image="stand_1.png" delay="100" x="43" y="-375"/>
  <i image="stand_2.png" delay="100" x="43" y="-375"/>
  <i image="stand_3.png" delay="100" x="43" y="-375"/>
  <i image="stand_4.png" delay="130" x="43" y="-375"/>
  <i image="stand_5.png" delay="100" x="43" y="-375"/>
  <i image="stand_6.png" delay="100" x="43" y="-375"/>
  <i image="stand_7.png" delay="100" x="43" y="-375"/>
  <i image="attack1.info.areaWarning_0.png" delay="1300" x="-58" y="-285"/>
  <i image="attack1.info.areaWarning_1.png" delay="90" x="-58" y="-285"/>
  <i image="attack1.info.areaWarning_2.png" delay="90" x="-58" y="-285"/>
  <i image="attack1.info.areaWarning_3.png" delay="90" x="-58" y="-285"/>
  <i image="attack1.info.areaWarning_4.png" delay="90" x="-58" y="-285"/>
  <i image="attack1.info.areaWarning_5.png" delay="90" x="-58" y="-285"/>
  <i image="attack1.info.areaWarning_6.png" delay="90" x="-58" y="-285"/>
  <i image="attack1.info.areaWarning_7.png" delay="90" x="-58" y="-285"/>
  <i image="attack1.info.areaWarning_8.png" delay="90" x="-58" y="-285"/>
  <i image="attack1.info.areaWarning_9.png" delay="90" x="-58" y="-285"/>
  <i image="attack1.info.areaWarning_10.png" delay="90" x="-58" y="-285"/>
  <i image="attack1.info.areaWarning_11.png" delay="90" x="-58" y="-285"/>
  <i image="attack1.info.areaWarning_12.png" delay="90" x="-58" y="-285"/>
  <i image="attack1.info.areaWarning_13.png" delay="90" x="-58" y="-285"/>
  <i image="attack1.info.areaWarning_14.png" delay="90" x="-58" y="-285"/>
  <i image="attack1.info.areaWarning_15.png" delay="90" x="-58" y="-285"/>
  <i image="attack1.info.areaWarning_16.png" delay="90" x="-58" y="-285"/>
  <i image="attack1.info.areaWarning_17.png" delay="90" x="-58" y="-285"/>
  <i image="attack1.info.areaWarning_18.png" delay="90" x="-58" y="-285"/>
  <i image="attack1.info.areaWarning_19.png" delay="90" x="-58" y="-285"/>
  <i image="attack1.info.hit_0.png" delay="100" x="-66" y="-65"/>
  <i image="attack1.info.hit_1.png" delay="100" x="-66" y="-65"/>
  <i image="attack1.info.hit_2.png" delay="100" x="-66" y="-65"/>
  <i image="attack1.info.hit_3.png" delay="100" x="-66" y="-65"/>
  <i image="attack1_0.png" delay="100" x="41" y="-376"/>
  <i image="attack1_1.png" delay="100" x="41" y="-376"/>
  <i image="attack1_2.png" delay="100" x="41" y="-376"/>
  <i image="attack1_3.png" delay="100" x="41" y="-376"/>
  <i image="attack1_4.png" delay="100" x="41" y="-376"/>
  <i image="attack1_5.png" delay="100" x="41" y="-376"/>
  <i image="attack1_6.png" delay="100" x="41" y="-376"/>
  <i image="attack1_7.png" delay="100" x="41" y="-376"/>
  <i image="attack1_8.png" delay="100" x="41" y="-376"/>
  <i image="attack1_9.png" delay="100" x="41" y="-376"/>
  <i image="attack1_10.png" delay="100" x="41" y="-376"/>
  <i image="attack1_11.png" delay="100" x="41" y="-376"/>
  <i image="attack1_12.png" delay="100" x="41" y="-376"/>
  <i image="attack1_13.png" delay="100" x="41" y="-376"/>
  <i image="attack1_14.png" delay="100" x="41" y="-376"/>
  <i image="attack1_15.png" delay="130" x="41" y="-376"/>
  <i image="attack1_16.png" delay="100" x="41" y="-376"/>
  <i image="attack1_17.png" delay="100" x="41" y="-376"/>
  <i image="attack1_18.png" delay="100" x="41" y="-376"/>
  <i image="attack1_19.png" delay="130" x="41" y="-376"/>
  <i image="attack1_20.png" delay="100" x="41" y="-376"/>
  <i image="attack1_21.png" delay="100" x="41" y="-376"/>
  <i image="attack1_22.png" delay="100" x="41" y="-376"/>
  <i image="attack1_23.png" delay="130" x="41" y="-376"/>
  <i image="attack1_24.png" delay="130" x="41" y="-376"/>
  <i image="attack1_25.png" delay="100" x="41" y="-376"/>
  <i image="attack1_26.png" delay="100" x="41" y="-376"/>
  <i image="attack1_27.png" delay="100" x="41" y="-376"/>
  <i image="attack1_28.png" delay="130" x="41" y="-376"/>
  <i image="attack1_29.png" delay="100" x="41" y="-376"/>
  <i image="attack1_30.png" delay="100" x="41" y="-376"/>
  <i image="attack1_31.png" delay="100" x="41" y="-376"/>
  <i image="attack1_32.png" delay="130" x="41" y="-376"/>
  <i image="attack1_33.png" delay="100" x="41" y="-376"/>
  <i image="attack1_34.png" delay="100" x="41" y="-376"/>
  <i image="attack1_35.png" delay="100" x="41" y="-376"/>
  <i image="attack1_36.png" delay="130" x="41" y="-376"/>
  <i image="attack1_37.png" delay="100" x="41" y="-376"/>
  <i image="attack1_38.png" delay="100" x="41" y="-376"/>
  <i image="attack1_39.png" delay="100" x="41" y="-376"/>
  <i image="attack1_40.png" delay="130" x="41" y="-376"/>
  <i image="attack1_41.png" delay="100" x="41" y="-376"/>
  <i image="attack1_42.png" delay="100" x="41" y="-376"/>
  <i image="attack1_43.png" delay="100" x="41" y="-376"/>
  <i image="attack1_44.png" delay="130" x="41" y="-376"/>
  <i image="attack1_45.png" delay="100" x="41" y="-376"/>
  <i image="attack1_46.png" delay="100" x="41" y="-376"/>
  <i image="attack1_47.png" delay="100" x="41" y="-376"/>
  <i image="attack2.info.effect_0.png" delay="1710" x="0" y="0"/>
  <i image="attack2.info.effect0.0_0.png" delay="100" x="-102" y="-66"/>
  <i image="attack2.info.effect0.0_1.png" delay="100" x="-102" y="-66"/>
  <i image="attack2.info.effect0.0_2.png" delay="100" x="-102" y="-66"/>
  <i image="attack2.info.effect0.0_3.png" delay="100" x="-102" y="-66"/>
  <i image="attack2.info.effect0.1_0.png" delay="100" x="-102" y="-66"/>
  <i image="attack2.info.effect0.1_1.png" delay="100" x="-102" y="-66"/>
  <i image="attack2.info.effect0.1_2.png" delay="100" x="-102" y="-66"/>
  <i image="attack2.info.effect0.1_3.png" delay="100" x="-102" y="-66"/>
  <i image="attack2.info.effect0.1_4.png" delay="100" x="-102" y="-66"/>
  <i image="attack2.info.effect0.2_0.png" delay="100" x="-102" y="-66"/>
  <i image="attack2.info.effect0.2_1.png" delay="100" x="-102" y="-66"/>
  <i image="attack2.info.effect0.2_2.png" delay="100" x="-102" y="-66"/>
  <i image="attack2.info.effect0.2_3.png" delay="100" x="-102" y="-66"/>
  <i image="attack2.info.effect0.3_0.png" delay="100" x="-102" y="-66"/>
  <i image="attack2.info.effect0.3_1.png" delay="100" x="-102" y="-66"/>
  <i image="attack2.info.effect0.3_2.png" delay="100" x="-102" y="-66"/>
  <i image="attack2.info.effect0.3_3.png" delay="100" x="-102" y="-66"/>
  <i image="attack2.info.effect0.3_4.png" delay="100" x="-102" y="-66"/>
  <i image="attack2.info.effect0.3_5.png" delay="100" x="-102" y="-66"/>
  <i image="attack2.info.effect0.4_0.png" delay="100" x="-92" y="-66"/>
  <i image="attack2.info.effect0.4_1.png" delay="100" x="-92" y="-66"/>
  <i image="attack2.info.effect0.4_2.png" delay="100" x="-92" y="-66"/>
  <i image="attack2.info.effect0.4_3.png" delay="100" x="-92" y="-66"/>
  <i image="attack2.info.effect0.5_0.png" delay="100" x="-66" y="-55"/>
  <i image="attack2.info.effect0.5_1.png" delay="100" x="-66" y="-55"/>
  <i image="attack2.info.effect0.5_2.png" delay="100" x="-66" y="-55"/>
  <i image="attack2.info.effect0.5_3.png" delay="100" x="-66" y="-55"/>
  <i image="attack2.info.hit_0.png" delay="100" x="-40" y="-45"/>
  <i image="attack2.info.hit_1.png" delay="100" x="-40" y="-45"/>
  <i image="attack2.info.hit_2.png" delay="100" x="-40" y="-45"/>
  <i image="attack2.info.hit_3.png" delay="100" x="-40" y="-45"/>
  <i image="attack2.info.hit_4.png" delay="100" x="-40" y="-45"/>
  <i image="attack2.info.hit_5.png" delay="100" x="-40" y="-45"/>
  <i image="attack2_0.png" delay="100" x="41" y="-376"/>
  <i image="attack2_1.png" delay="100" x="41" y="-376"/>
  <i image="attack2_2.png" delay="100" x="41" y="-376"/>
  <i image="attack2_3.png" delay="100" x="41" y="-376"/>
  <i image="attack2_4.png" delay="100" x="41" y="-376"/>
  <i image="attack2_5.png" delay="100" x="41" y="-376"/>
  <i image="attack2_6.png" delay="100" x="41" y="-376"/>
  <i image="attack2_7.png" delay="100" x="41" y="-376"/>
  <i image="attack2_8.png" delay="100" x="41" y="-376"/>
  <i image="attack2_9.png" delay="100" x="41" y="-376"/>
  <i image="attack2_10.png" delay="100" x="41" y="-376"/>
  <i image="attack2_11.png" delay="100" x="41" y="-376"/>
  <i image="attack2_12.png" delay="100" x="41" y="-376"/>
  <i image="attack2_13.png" delay="100" x="41" y="-376"/>
  <i image="attack2_14.png" delay="100" x="41" y="-376"/>
  <i image="attack2_15.png" delay="100" x="41" y="-376"/>
  <i image="attack2_16.png" delay="100" x="41" y="-376"/>
  <i image="attack2_17.png" delay="100" x="41" y="-376"/>
  <i image="attack2_18.png" delay="130" x="41" y="-376"/>
  <i image="attack2_19.png" delay="100" x="41" y="-376"/>
  <i image="attack2_20.png" delay="100" x="41" y="-376"/>
  <i image="attack2_21.png" delay="100" x="41" y="-376"/>
  <i image="attack2_22.png" delay="130" x="41" y="-376"/>
  <i image="attack2_23.png" delay="100" x="41" y="-376"/>
  <i image="attack2_24.png" delay="100" x="41" y="-376"/>
  <i image="attack2_25.png" delay="100" x="41" y="-376"/>
  <i image="attack2_26.png" delay="130" x="41" y="-376"/>
  <i image="attack2_27.png" delay="100" x="41" y="-376"/>
  <i image="attack2_28.png" delay="100" x="41" y="-376"/>
  <i image="attack2_29.png" delay="100" x="41" y="-376"/>
  <i image="attack2_30.png" delay="130" x="41" y="-376"/>
  <i image="attack2_31.png" delay="100" x="41" y="-376"/>
  <i image="attack2_32.png" delay="100" x="41" y="-376"/>
  <i image="attack2_33.png" delay="100" x="41" y="-376"/>
  <i image="attack2_34.png" delay="130" x="41" y="-376"/>
  <i image="attack2_35.png" delay="100" x="41" y="-376"/>
  <i image="attack2_36.png" delay="100" x="41" y="-376"/>
  <i image="attack2_37.png" delay="100" x="41" y="-376"/>
  <i image="attack2_38.png" delay="130" x="41" y="-376"/>
  <i image="attack2_39.png" delay="100" x="41" y="-376"/>
  <i image="attack2_40.png" delay="100" x="41" y="-376"/>
  <i image="attack2_41.png" delay="100" x="41" y="-376"/>
  <i image="attack2_42.png" delay="130" x="41" y="-376"/>
  <i image="attack2_43.png" delay="100" x="41" y="-376"/>
  <i image="attack2_44.png" delay="100" x="41" y="-376"/>
  <i image="attack2_45.png" delay="100" x="41" y="-376"/>
  <i image="attack3.info.effect_0.png" delay="1710" x="0" y="0"/>
  <i image="attack3.info.effect0.0_0.png" delay="100" x="-102" y="-66"/>
  <i image="attack3.info.effect0.0_1.png" delay="100" x="-102" y="-66"/>
  <i image="attack3.info.effect0.0_2.png" delay="100" x="-102" y="-66"/>
  <i image="attack3.info.effect0.0_3.png" delay="100" x="-102" y="-66"/>
  <i image="attack3.info.effect0.1_0.png" delay="100" x="-102" y="-66"/>
  <i image="attack3.info.effect0.1_1.png" delay="100" x="-102" y="-66"/>
  <i image="attack3.info.effect0.1_2.png" delay="100" x="-102" y="-66"/>
  <i image="attack3.info.effect0.1_3.png" delay="100" x="-102" y="-66"/>
  <i image="attack3.info.effect0.1_4.png" delay="100" x="-102" y="-66"/>
  <i image="attack3.info.effect0.2_0.png" delay="100" x="-102" y="-66"/>
  <i image="attack3.info.effect0.2_1.png" delay="100" x="-102" y="-66"/>
  <i image="attack3.info.effect0.2_2.png" delay="100" x="-102" y="-66"/>
  <i image="attack3.info.effect0.2_3.png" delay="100" x="-102" y="-66"/>
  <i image="attack3.info.effect0.3_0.png" delay="100" x="-102" y="-66"/>
  <i image="attack3.info.effect0.3_1.png" delay="100" x="-102" y="-66"/>
  <i image="attack3.info.effect0.3_2.png" delay="100" x="-102" y="-66"/>
  <i image="attack3.info.effect0.3_3.png" delay="100" x="-102" y="-66"/>
  <i image="attack3.info.effect0.3_4.png" delay="100" x="-102" y="-66"/>
  <i image="attack3.info.effect0.3_5.png" delay="100" x="-102" y="-66"/>
  <i image="attack3.info.effect0.4_0.png" delay="100" x="-92" y="-66"/>
  <i image="attack3.info.effect0.4_1.png" delay="100" x="-92" y="-66"/>
  <i image="attack3.info.effect0.4_2.png" delay="100" x="-92" y="-66"/>
  <i image="attack3.info.effect0.4_3.png" delay="100" x="-92" y="-66"/>
  <i image="attack3.info.effect0.5_0.png" delay="100" x="-66" y="-55"/>
  <i image="attack3.info.effect0.5_1.png" delay="100" x="-66" y="-55"/>
  <i image="attack3.info.effect0.5_2.png" delay="100" x="-66" y="-55"/>
  <i image="attack3.info.effect0.5_3.png" delay="100" x="-66" y="-55"/>
  <i image="attack3.info.hit_0.png" delay="100" x="-40" y="-45"/>
  <i image="attack3.info.hit_1.png" delay="100" x="-40" y="-45"/>
  <i image="attack3.info.hit_2.png" delay="100" x="-40" y="-45"/>
  <i image="attack3.info.hit_3.png" delay="100" x="-40" y="-45"/>
  <i image="attack3.info.hit_4.png" delay="100" x="-40" y="-45"/>
  <i image="attack3.info.hit_5.png" delay="100" x="-40" y="-45"/>
  <i image="attack3_0.png" delay="100" x="41" y="-376"/>
  <i image="attack3_1.png" delay="100" x="41" y="-376"/>
  <i image="attack3_2.png" delay="100" x="41" y="-376"/>
  <i image="attack3_3.png" delay="100" x="41" y="-376"/>
  <i image="attack3_4.png" delay="100" x="41" y="-376"/>
  <i image="attack3_5.png" delay="100" x="41" y="-376"/>
  <i image="attack3_6.png" delay="100" x="41" y="-376"/>
  <i image="attack3_7.png" delay="100" x="41" y="-376"/>
  <i image="attack3_8.png" delay="100" x="41" y="-376"/>
  <i image="attack3_9.png" delay="100" x="41" y="-376"/>
  <i image="attack3_10.png" delay="100" x="41" y="-376"/>
  <i image="attack3_11.png" delay="100" x="41" y="-376"/>
  <i image="attack3_12.png" delay="100" x="41" y="-376"/>
  <i image="attack3_13.png" delay="100" x="41" y="-376"/>
  <i image="attack3_14.png" delay="100" x="41" y="-376"/>
  <i image="attack3_15.png" delay="100" x="41" y="-376"/>
  <i image="attack3_16.png" delay="100" x="41" y="-376"/>
  <i image="attack3_17.png" delay="100" x="41" y="-376"/>
  <i image="attack3_18.png" delay="130" x="41" y="-376"/>
  <i image="attack3_19.png" delay="100" x="41" y="-376"/>
  <i image="attack3_20.png" delay="100" x="41" y="-376"/>
  <i image="attack3_21.png" delay="100" x="41" y="-376"/>
  <i image="attack3_22.png" delay="130" x="41" y="-376"/>
  <i image="attack3_23.png" delay="100" x="41" y="-376"/>
  <i image="attack3_24.png" delay="100" x="41" y="-376"/>
  <i image="attack3_25.png" delay="100" x="41" y="-376"/>
  <i image="attack3_26.png" delay="130" x="41" y="-376"/>
  <i image="attack3_27.png" delay="100" x="41" y="-376"/>
  <i image="attack3_28.png" delay="100" x="41" y="-376"/>
  <i image="attack3_29.png" delay="100" x="41" y="-376"/>
  <i image="attack3_30.png" delay="130" x="41" y="-376"/>
  <i image="attack3_31.png" delay="100" x="41" y="-376"/>
  <i image="attack3_32.png" delay="100" x="41" y="-376"/>
  <i image="attack3_33.png" delay="100" x="41" y="-376"/>
  <i image="attack3_34.png" delay="130" x="41" y="-376"/>
  <i image="attack3_35.png" delay="100" x="41" y="-376"/>
  <i image="attack3_36.png" delay="100" x="41" y="-376"/>
  <i image="attack3_37.png" delay="100" x="41" y="-376"/>
  <i image="attack3_38.png" delay="130" x="41" y="-376"/>
  <i image="attack3_39.png" delay="100" x="41" y="-376"/>
  <i image="attack3_40.png" delay="100" x="41" y="-376"/>
  <i image="attack3_41.png" delay="100" x="41" y="-376"/>
  <i image="attack3_42.png" delay="130" x="41" y="-376"/>
  <i image="attack3_43.png" delay="100" x="41" y="-376"/>
  <i image="attack3_44.png" delay="100" x="41" y="-376"/>
  <i image="attack3_45.png" delay="100" x="41" y="-376"/>
  <i image="hit1_0.png" delay="600" x="45" y="-345"/>
  <i image="die1_0.png" delay="110" x="37" y="-428"/>
  <i image="die1_1.png" delay="110" x="37" y="-428"/>
  <i image="die1_2.png" delay="110" x="37" y="-428"/>
  <i image="die1_3.png" delay="110" x="37" y="-428"/>
  <i image="die1_4.png" delay="110" x="37" y="-428"/>
  <i image="die1_5.png" delay="110" x="37" y="-428"/>
  <i image="die1_6.png" delay="110" x="37" y="-428"/>
  <i image="die1_7.png" delay="110" x="37" y="-428"/>
  <i image="die1_8.png" delay="110" x="37" y="-428"/>
  <i image="die1_9.png" delay="110" x="37" y="-428"/>
  <i image="die1_10.png" delay="110" x="37" y="-428"/>
  <i image="die1_11.png" delay="110" x="37" y="-428"/>
  <i image="die1_12.png" delay="110" x="37" y="-428"/>
  <i image="die1_13.png" delay="110" x="37" y="-428"/>
  <i image="die1_14.png" delay="110" x="37" y="-428"/>
  <i image="die1_15.png" delay="110" x="37" y="-428"/>
  <i image="die1_16.png" delay="110" x="37" y="-428"/>
  <i image="die1_17.png" delay="110" x="37" y="-428"/>
  <i image="die1_18.png" delay="110" x="37" y="-428"/>
  <i image="die1_19.png" delay="300" x="37" y="-428"/>
</i>