<i>
  <i image="stand_0.png" delay="120" x="-153" y="-213"/>
  <i image="stand_1.png" delay="120" x="-153" y="-213"/>
  <i image="stand_2.png" delay="120" x="-153" y="-213"/>
  <i image="stand_3.png" delay="120" x="-153" y="-213"/>
  <i image="stand_4.png" delay="120" x="-153" y="-213"/>
  <i image="stand_5.png" delay="120" x="-153" y="-213"/>
  <i image="stand_6.png" delay="120" x="-153" y="-213"/>
  <i image="stand_7.png" delay="120" x="-153" y="-213"/>
  <i image="move_0.png" delay="120" x="-155" y="-214"/>
  <i image="move_1.png" delay="120" x="-155" y="-214"/>
  <i image="move_2.png" delay="120" x="-155" y="-214"/>
  <i image="move_3.png" delay="120" x="-155" y="-214"/>
  <i image="move_4.png" delay="120" x="-155" y="-214"/>
  <i image="move_5.png" delay="120" x="-155" y="-214"/>
  <i image="move_6.png" delay="120" x="-155" y="-214"/>
  <i image="move_7.png" delay="120" x="-155" y="-214"/>
  <i image="move_8.png" delay="120" x="-155" y="-214"/>
  <i image="move_9.png" delay="120" x="-155" y="-214"/>
  <i image="move_10.png" delay="120" x="-155" y="-214"/>
  <i image="move_11.png" delay="120" x="-155" y="-214"/>
  <i image="attack1.info.hit_0.png" delay="90" x="-70" y="-88"/>
  <i image="attack1.info.hit_1.png" delay="90" x="-70" y="-88"/>
  <i image="attack1.info.hit_2.png" delay="90" x="-70" y="-88"/>
  <i image="attack1.info.hit_3.png" delay="90" x="-70" y="-88"/>
  <i image="attack1.info.hit_4.png" delay="90" x="-70" y="-88"/>
  <i image="attack1.info.hit_5.png" delay="90" x="-70" y="-88"/>
  <i image="attack1_0.png" delay="120" x="-365" y="-302"/>
  <i image="attack1_1.png" delay="120" x="-365" y="-302"/>
  <i image="attack1_2.png" delay="120" x="-365" y="-302"/>
  <i image="attack1_3.png" delay="120" x="-365" y="-302"/>
  <i image="attack1_4.png" delay="120" x="-365" y="-302"/>
  <i image="attack1_5.png" delay="120" x="-365" y="-302"/>
  <i image="attack1_6.png" delay="60" x="-365" y="-302"/>
  <i image="attack1_7.png" delay="90" x="-365" y="-302"/>
  <i image="attack1_8.png" delay="90" x="-365" y="-302"/>
  <i image="attack1_9.png" delay="90" x="-365" y="-302"/>
  <i image="attack1_10.png" delay="90" x="-365" y="-302"/>
  <i image="attack1_11.png" delay="90" x="-365" y="-302"/>
  <i image="attack1_12.png" delay="90" x="-365" y="-302"/>
  <i image="attack1_13.png" delay="100" x="-365" y="-302"/>
  <i image="attack2.info.hit_0.png" delay="90" x="-76" y="-61"/>
  <i image="attack2.info.hit_1.png" delay="90" x="-76" y="-61"/>
  <i image="attack2.info.hit_2.png" delay="90" x="-76" y="-61"/>
  <i image="attack2.info.hit_3.png" delay="90" x="-76" y="-61"/>
  <i image="attack2.info.hit_4.png" delay="90" x="-76" y="-61"/>
  <i image="attack2.info.hit_5.png" delay="90" x="-76" y="-61"/>
  <i image="attack2_0.png" delay="90" x="-279" y="-328"/>
  <i image="attack2_1.png" delay="90" x="-279" y="-328"/>
  <i image="attack2_2.png" delay="90" x="-279" y="-328"/>
  <i image="attack2_3.png" delay="90" x="-279" y="-328"/>
  <i image="attack2_4.png" delay="90" x="-279" y="-328"/>
  <i image="attack2_5.png" delay="90" x="-279" y="-328"/>
  <i image="attack2_6.png" delay="90" x="-279" y="-328"/>
  <i image="attack2_7.png" delay="90" x="-279" y="-328"/>
  <i image="attack2_8.png" delay="90" x="-279" y="-328"/>
  <i image="attack2_9.png" delay="90" x="-279" y="-328"/>
  <i image="attack2_10.png" delay="90" x="-279" y="-328"/>
  <i image="attack2_11.png" delay="90" x="-279" y="-328"/>
  <i image="attack2_12.png" delay="90" x="-279" y="-328"/>
  <i image="attack2_13.png" delay="90" x="-279" y="-328"/>
  <i image="attack2_14.png" delay="90" x="-279" y="-328"/>
  <i image="attack2_15.png" delay="90" x="-279" y="-328"/>
  <i image="attack2_16.png" delay="90" x="-279" y="-328"/>
  <i image="hit1_0.png" delay="600" x="-98" y="-209"/>
  <i image="die1_0.png" delay="120" x="-151" y="-249"/>
  <i image="die1_1.png" delay="120" x="-151" y="-249"/>
  <i image="die1_2.png" delay="120" x="-151" y="-249"/>
  <i image="die1_3.png" delay="120" x="-151" y="-249"/>
  <i image="die1_4.png" delay="120" x="-151" y="-249"/>
  <i image="die1_5.png" delay="120" x="-151" y="-249"/>
  <i image="die1_6.png" delay="120" x="-151" y="-249"/>
  <i image="die1_7.png" delay="120" x="-151" y="-249"/>
  <i image="die1_8.png" delay="120" x="-151" y="-249"/>
  <i image="die1_9.png" delay="120" x="-151" y="-249"/>
  <i image="die1_10.png" delay="120" x="-151" y="-249"/>
  <i image="die1_11.png" delay="120" x="-151" y="-249"/>
  <i image="die1_12.png" delay="120" x="-151" y="-249"/>
  <i image="die1_13.png" delay="120" x="-151" y="-249"/>
  <i image="die1_14.png" delay="120" x="-151" y="-249"/>
  <i image="die1_15.png" delay="120" x="-151" y="-249"/>
  <i image="die1_16.png" delay="120" x="-151" y="-249"/>
  <i image="die1_17.png" delay="120" x="-151" y="-249"/>
</i>