<i>
  <i image="regen_0.png" delay="120" x="53" y="-204"/>
  <i image="regen_1.png" delay="120" x="53" y="-204"/>
  <i image="regen_2.png" delay="120" x="53" y="-204"/>
  <i image="regen_3.png" delay="120" x="53" y="-204"/>
  <i image="regen_4.png" delay="120" x="53" y="-204"/>
  <i image="regen_5.png" delay="120" x="53" y="-204"/>
  <i image="regen_6.png" delay="120" x="53" y="-204"/>
  <i image="regen_7.png" delay="120" x="53" y="-204"/>
  <i image="regen_8.png" delay="120" x="53" y="-204"/>
  <i image="stand_0.png" delay="130" x="53" y="-198"/>
  <i image="stand_1.png" delay="100" x="53" y="-198"/>
  <i image="stand_2.png" delay="100" x="53" y="-198"/>
  <i image="stand_3.png" delay="100" x="53" y="-198"/>
  <i image="stand_4.png" delay="130" x="53" y="-198"/>
  <i image="stand_5.png" delay="100" x="53" y="-198"/>
  <i image="stand_6.png" delay="100" x="53" y="-198"/>
  <i image="stand_7.png" delay="100" x="53" y="-198"/>
  <i image="attack1.info.hit_0.png" delay="120" x="-50" y="-75"/>
  <i image="attack1.info.hit_1.png" delay="200" x="-50" y="-75"/>
  <i image="attack1_0.png" delay="100" x="6" y="-398"/>
  <i image="attack1_1.png" delay="100" x="6" y="-398"/>
  <i image="attack1_2.png" delay="100" x="6" y="-398"/>
  <i image="attack1_3.png" delay="100" x="6" y="-398"/>
  <i image="attack1_4.png" delay="100" x="6" y="-398"/>
  <i image="attack1_5.png" delay="100" x="6" y="-398"/>
  <i image="attack1_6.png" delay="100" x="6" y="-398"/>
  <i image="attack1_7.png" delay="100" x="6" y="-398"/>
  <i image="attack1_8.png" delay="100" x="6" y="-398"/>
  <i image="attack1_9.png" delay="100" x="6" y="-398"/>
  <i image="attack1_10.png" delay="100" x="6" y="-398"/>
  <i image="attack1_11.png" delay="100" x="6" y="-398"/>
  <i image="attack1_12.png" delay="100" x="6" y="-398"/>
  <i image="attack1_13.png" delay="100" x="6" y="-398"/>
  <i image="attack1_14.png" delay="100" x="6" y="-398"/>
  <i image="attack1_15.png" delay="130" x="6" y="-398"/>
  <i image="attack1_16.png" delay="100" x="6" y="-398"/>
  <i image="attack1_17.png" delay="100" x="6" y="-398"/>
  <i image="attack1_18.png" delay="100" x="6" y="-398"/>
  <i image="attack1_19.png" delay="130" x="6" y="-398"/>
  <i image="attack1_20.png" delay="100" x="6" y="-398"/>
  <i image="attack1_21.png" delay="100" x="6" y="-398"/>
  <i image="attack1_22.png" delay="100" x="6" y="-398"/>
  <i image="attack1_23.png" delay="130" x="6" y="-398"/>
  <i image="attack1_24.png" delay="100" x="6" y="-398"/>
  <i image="attack1_25.png" delay="100" x="6" y="-398"/>
  <i image="attack1_26.png" delay="100" x="6" y="-398"/>
  <i image="attack1_27.png" delay="130" x="6" y="-398"/>
  <i image="attack1_28.png" delay="100" x="6" y="-398"/>
  <i image="attack1_29.png" delay="100" x="6" y="-398"/>
  <i image="attack1_30.png" delay="100" x="6" y="-398"/>
  <i image="attack1_31.png" delay="130" x="6" y="-398"/>
  <i image="attack1_32.png" delay="100" x="6" y="-398"/>
  <i image="attack1_33.png" delay="100" x="6" y="-398"/>
  <i image="attack1_34.png" delay="100" x="6" y="-398"/>
  <i image="attack1_35.png" delay="130" x="6" y="-398"/>
  <i image="attack1_36.png" delay="100" x="6" y="-398"/>
  <i image="attack1_37.png" delay="100" x="6" y="-398"/>
  <i image="attack1_38.png" delay="100" x="6" y="-398"/>
  <i image="attack1_39.png" delay="130" x="6" y="-398"/>
  <i image="attack1_40.png" delay="100" x="6" y="-398"/>
  <i image="attack1_41.png" delay="100" x="6" y="-398"/>
  <i image="attack1_42.png" delay="100" x="6" y="-398"/>
  <i image="attack1_43.png" delay="130" x="6" y="-398"/>
  <i image="attack1_44.png" delay="100" x="6" y="-398"/>
  <i image="attack1_45.png" delay="100" x="6" y="-398"/>
  <i image="attack1_46.png" delay="100" x="6" y="-398"/>
  <i image="attack2.info.hit_0.png" delay="120" x="-85" y="-229"/>
  <i image="attack2.info.hit_1.png" delay="120" x="-85" y="-229"/>
  <i image="attack2.info.hit_2.png" delay="120" x="-85" y="-229"/>
  <i image="attack2.info.hit_3.png" delay="120" x="-85" y="-229"/>
  <i image="attack2.info.hit_4.png" delay="120" x="-85" y="-229"/>
  <i image="attack2.info.hit_5.png" delay="300" x="-85" y="-229"/>
  <i image="attack2_0.png" delay="100" x="52" y="-236"/>
  <i image="attack2_1.png" delay="100" x="52" y="-236"/>
  <i image="attack2_2.png" delay="100" x="52" y="-236"/>
  <i image="attack2_3.png" delay="100" x="52" y="-236"/>
  <i image="attack2_4.png" delay="100" x="52" y="-236"/>
  <i image="attack2_5.png" delay="100" x="52" y="-236"/>
  <i image="attack2_6.png" delay="100" x="52" y="-236"/>
  <i image="attack2_7.png" delay="100" x="52" y="-236"/>
  <i image="attack2_8.png" delay="100" x="52" y="-236"/>
  <i image="attack2_9.png" delay="100" x="52" y="-236"/>
  <i image="attack2_10.png" delay="100" x="52" y="-236"/>
  <i image="attack2_11.png" delay="100" x="52" y="-236"/>
  <i image="attack2_12.png" delay="100" x="52" y="-236"/>
  <i image="attack2_13.png" delay="100" x="52" y="-236"/>
  <i image="attack2_14.png" delay="100" x="52" y="-236"/>
  <i image="attack2_15.png" delay="130" x="52" y="-236"/>
  <i image="attack2_16.png" delay="100" x="52" y="-236"/>
  <i image="attack2_17.png" delay="100" x="52" y="-236"/>
  <i image="attack2_18.png" delay="100" x="52" y="-236"/>
  <i image="attack2_19.png" delay="130" x="52" y="-236"/>
  <i image="attack2_20.png" delay="100" x="52" y="-236"/>
  <i image="attack2_21.png" delay="100" x="52" y="-236"/>
  <i image="attack2_22.png" delay="100" x="52" y="-236"/>
  <i image="attack2_23.png" delay="130" x="52" y="-236"/>
  <i image="attack2_24.png" delay="100" x="52" y="-236"/>
  <i image="attack2_25.png" delay="100" x="52" y="-236"/>
  <i image="attack2_26.png" delay="100" x="52" y="-236"/>
  <i image="attack2_27.png" delay="130" x="52" y="-236"/>
  <i image="attack2_28.png" delay="100" x="52" y="-236"/>
  <i image="attack2_29.png" delay="100" x="52" y="-236"/>
  <i image="attack2_30.png" delay="100" x="52" y="-236"/>
  <i image="attack2_31.png" delay="130" x="52" y="-236"/>
  <i image="attack2_32.png" delay="100" x="52" y="-236"/>
  <i image="attack2_33.png" delay="100" x="52" y="-236"/>
  <i image="attack2_34.png" delay="100" x="52" y="-236"/>
  <i image="attack2_35.png" delay="130" x="52" y="-236"/>
  <i image="attack2_36.png" delay="100" x="52" y="-236"/>
  <i image="attack2_37.png" delay="100" x="52" y="-236"/>
  <i image="attack2_38.png" delay="100" x="52" y="-236"/>
  <i image="attack2_39.png" delay="130" x="52" y="-236"/>
  <i image="attack2_40.png" delay="100" x="52" y="-236"/>
  <i image="attack2_41.png" delay="100" x="52" y="-236"/>
  <i image="attack2_42.png" delay="100" x="52" y="-236"/>
  <i image="attack2_43.png" delay="130" x="52" y="-236"/>
  <i image="attack2_44.png" delay="100" x="52" y="-236"/>
  <i image="attack2_45.png" delay="100" x="52" y="-236"/>
  <i image="attack2_46.png" delay="100" x="52" y="-236"/>
  <i image="attack2_47.png" delay="130" x="52" y="-236"/>
  <i image="attack2_48.png" delay="100" x="52" y="-236"/>
  <i image="attack2_49.png" delay="100" x="52" y="-236"/>
  <i image="attack2_50.png" delay="100" x="52" y="-236"/>
  <i image="attack2_51.png" delay="130" x="52" y="-236"/>
  <i image="attack2_52.png" delay="100" x="52" y="-236"/>
  <i image="attack2_53.png" delay="100" x="52" y="-236"/>
  <i image="attack2_54.png" delay="100" x="52" y="-236"/>
  <i image="hit1_0.png" delay="600" x="60" y="-202"/>
  <i image="die1_0.png" delay="110" x="52" y="-204"/>
  <i image="die1_1.png" delay="110" x="52" y="-204"/>
  <i image="die1_2.png" delay="110" x="52" y="-204"/>
  <i image="die1_3.png" delay="110" x="52" y="-204"/>
  <i image="die1_4.png" delay="110" x="52" y="-204"/>
  <i image="die1_5.png" delay="110" x="52" y="-204"/>
  <i image="die1_6.png" delay="110" x="52" y="-204"/>
  <i image="die1_7.png" delay="110" x="52" y="-204"/>
  <i image="die1_8.png" delay="110" x="52" y="-204"/>
  <i image="die1_9.png" delay="110" x="52" y="-204"/>
  <i image="die1_10.png" delay="110" x="52" y="-204"/>
  <i image="die1_11.png" delay="110" x="52" y="-204"/>
  <i image="die1_12.png" delay="110" x="52" y="-204"/>
  <i image="die1_13.png" delay="110" x="52" y="-204"/>
  <i image="die1_14.png" delay="110" x="52" y="-204"/>
  <i image="die1_15.png" delay="110" x="52" y="-204"/>
  <i image="die1_16.png" delay="110" x="52" y="-204"/>
  <i image="die1_17.png" delay="110" x="52" y="-204"/>
  <i image="die1_18.png" delay="110" x="52" y="-204"/>
  <i image="die1_19.png" delay="300" x="52" y="-204"/>
</i>