<i>
  <i image="areaWarning_0.png" delay="100" x="-108" y="-43"/>
  <i image="areaWarning_1.png" delay="100" x="-108" y="-43"/>
  <i image="areaWarning_2.png" delay="100" x="-108" y="-43"/>
  <i image="areaWarning_3.png" delay="100" x="-108" y="-43"/>
  <i image="areaWarning_4.png" delay="100" x="-108" y="-43"/>
  <i image="areaWarning_5.png" delay="100" x="-108" y="-43"/>
  <i image="areaWarning_6.png" delay="100" x="-108" y="-43"/>
  <i image="areaWarning_7.png" delay="100" x="-108" y="-43"/>
  <i image="areaWarning_8.png" delay="100" x="-108" y="-43"/>
  <i image="areaWarning_9.png" delay="100" x="-108" y="-43"/>
  <i image="areaWarning_10.png" delay="100" x="-108" y="-43"/>
  <i image="areaWarning_11.png" delay="100" x="-108" y="-43"/>
  <i image="areaWarning_12.png" delay="100" x="-108" y="-43"/>
  <i image="areaWarning_13.png" delay="100" x="-108" y="-43"/>
  <i image="areaWarning_14.png" delay="100" x="-108" y="-43"/>
  <i image="areaWarning_15.png" delay="100" x="-108" y="-43"/>
  <i image="areaWarning_16.png" delay="100" x="-108" y="-43"/>
  <i image="areaWarning_17.png" delay="100" x="-108" y="-43"/>
  <i image="areaWarning_18.png" delay="100" x="-108" y="-43"/>
  <i image="areaWarning_19.png" delay="100" x="-108" y="-43"/>
  <i image="areaWarning_20.png" delay="100" x="-108" y="-43"/>
  <i image="areaWarning_21.png" delay="100" x="-108" y="-43"/>
  <i image="areaWarning_22.png" delay="100" x="-108" y="-43"/>
  <i image="areaWarning_23.png" delay="100" x="-108" y="-43"/>
</i>