<i>
  <i image="regen_0.png" delay="120" x="44" y="-374"/>
  <i image="regen_1.png" delay="120" x="44" y="-374"/>
  <i image="regen_2.png" delay="120" x="44" y="-374"/>
  <i image="regen_3.png" delay="120" x="44" y="-374"/>
  <i image="regen_4.png" delay="120" x="44" y="-374"/>
  <i image="regen_5.png" delay="120" x="44" y="-374"/>
  <i image="regen_6.png" delay="120" x="44" y="-374"/>
  <i image="regen_7.png" delay="120" x="44" y="-374"/>
  <i image="regen_8.png" delay="120" x="44" y="-374"/>
  <i image="stand_0.png" delay="130" x="42" y="-288"/>
  <i image="stand_1.png" delay="100" x="42" y="-288"/>
  <i image="stand_2.png" delay="100" x="42" y="-288"/>
  <i image="stand_3.png" delay="100" x="42" y="-288"/>
  <i image="stand_4.png" delay="130" x="42" y="-288"/>
  <i image="stand_5.png" delay="100" x="42" y="-288"/>
  <i image="stand_6.png" delay="100" x="42" y="-288"/>
  <i image="stand_7.png" delay="100" x="42" y="-288"/>
  <i image="skill1_0.png" delay="115" x="45" y="-282"/>
  <i image="skill1_1.png" delay="115" x="45" y="-282"/>
  <i image="skill1_2.png" delay="115" x="45" y="-282"/>
  <i image="skill1_3.png" delay="115" x="45" y="-282"/>
  <i image="skill1_4.png" delay="115" x="45" y="-282"/>
  <i image="skill1_5.png" delay="115" x="45" y="-282"/>
  <i image="skill1_6.png" delay="115" x="45" y="-282"/>
  <i image="skill1_7.png" delay="115" x="45" y="-282"/>
  <i image="skill1_8.png" delay="115" x="45" y="-282"/>
  <i image="skill1_9.png" delay="115" x="45" y="-282"/>
  <i image="skill1_10.png" delay="115" x="45" y="-282"/>
  <i image="skill1_11.png" delay="115" x="45" y="-282"/>
  <i image="skill1_12.png" delay="115" x="45" y="-282"/>
  <i image="skill2_0.png" delay="115" x="45" y="-281"/>
  <i image="skill2_1.png" delay="115" x="45" y="-281"/>
  <i image="skill2_2.png" delay="115" x="45" y="-281"/>
  <i image="skill2_3.png" delay="115" x="45" y="-281"/>
  <i image="skill2_4.png" delay="115" x="45" y="-281"/>
  <i image="skill2_5.png" delay="115" x="45" y="-281"/>
  <i image="skill2_6.png" delay="115" x="45" y="-281"/>
  <i image="skill2_7.png" delay="115" x="45" y="-281"/>
  <i image="skill2_8.png" delay="115" x="45" y="-281"/>
  <i image="skill2_9.png" delay="115" x="45" y="-281"/>
  <i image="skill2_10.png" delay="115" x="45" y="-281"/>
  <i image="skill2_11.png" delay="115" x="45" y="-281"/>
  <i image="skill2_12.png" delay="115" x="45" y="-281"/>
  <i image="hit1_0.png" delay="600" x="45" y="-258"/>
  <i image="die1_0.png" delay="110" x="43" y="-375"/>
  <i image="die1_1.png" delay="110" x="43" y="-375"/>
  <i image="die1_2.png" delay="110" x="43" y="-375"/>
  <i image="die1_3.png" delay="110" x="43" y="-375"/>
  <i image="die1_4.png" delay="110" x="43" y="-375"/>
  <i image="die1_5.png" delay="110" x="43" y="-375"/>
  <i image="die1_6.png" delay="110" x="43" y="-375"/>
  <i image="die1_7.png" delay="110" x="43" y="-375"/>
  <i image="die1_8.png" delay="110" x="43" y="-375"/>
  <i image="die1_9.png" delay="110" x="43" y="-375"/>
  <i image="die1_10.png" delay="110" x="43" y="-375"/>
  <i image="die1_11.png" delay="110" x="43" y="-375"/>
  <i image="die1_12.png" delay="110" x="43" y="-375"/>
  <i image="die1_13.png" delay="110" x="43" y="-375"/>
  <i image="die1_14.png" delay="110" x="43" y="-375"/>
  <i image="die1_15.png" delay="110" x="43" y="-375"/>
  <i image="die1_16.png" delay="110" x="43" y="-375"/>
  <i image="die1_17.png" delay="110" x="43" y="-375"/>
  <i image="die1_18.png" delay="110" x="43" y="-375"/>
  <i image="die1_19.png" delay="300" x="43" y="-375"/>
</i>