<i>
  <i image="regen_0.png" delay="120" x="-351" y="-255"/>
  <i image="regen_1.png" delay="120" x="-351" y="-255"/>
  <i image="regen_2.png" delay="120" x="-351" y="-255"/>
  <i image="regen_3.png" delay="120" x="-351" y="-255"/>
  <i image="regen_4.png" delay="120" x="-351" y="-255"/>
  <i image="regen_5.png" delay="120" x="-351" y="-255"/>
  <i image="regen_6.png" delay="120" x="-351" y="-255"/>
  <i image="regen_7.png" delay="120" x="-351" y="-255"/>
  <i image="regen_8.png" delay="120" x="-351" y="-255"/>
  <i image="stand_0.png" delay="130" x="-272" y="-280"/>
  <i image="stand_1.png" delay="100" x="-272" y="-280"/>
  <i image="stand_2.png" delay="100" x="-272" y="-280"/>
  <i image="stand_3.png" delay="100" x="-272" y="-280"/>
  <i image="stand_4.png" delay="130" x="-272" y="-280"/>
  <i image="stand_5.png" delay="100" x="-272" y="-280"/>
  <i image="stand_6.png" delay="100" x="-272" y="-280"/>
  <i image="stand_7.png" delay="100" x="-272" y="-280"/>
  <i image="skill1_0.png" delay="100" x="-343" y="-280"/>
  <i image="skill1_1.png" delay="100" x="-343" y="-280"/>
  <i image="skill1_2.png" delay="100" x="-343" y="-280"/>
  <i image="skill1_3.png" delay="100" x="-343" y="-280"/>
  <i image="skill1_4.png" delay="100" x="-343" y="-280"/>
  <i image="skill1_5.png" delay="100" x="-343" y="-280"/>
  <i image="skill1_6.png" delay="100" x="-343" y="-280"/>
  <i image="skill1_7.png" delay="100" x="-343" y="-280"/>
  <i image="skill1_8.png" delay="100" x="-343" y="-280"/>
  <i image="skill1_9.png" delay="100" x="-343" y="-280"/>
  <i image="skill1_10.png" delay="100" x="-343" y="-280"/>
  <i image="skill1_11.png" delay="100" x="-343" y="-280"/>
  <i image="skill1_12.png" delay="100" x="-343" y="-280"/>
  <i image="skill1_13.png" delay="100" x="-343" y="-280"/>
  <i image="skill1_14.png" delay="100" x="-343" y="-280"/>
  <i image="skill1_15.png" delay="100" x="-343" y="-280"/>
  <i image="skill1_16.png" delay="130" x="-343" y="-280"/>
  <i image="skill1_17.png" delay="100" x="-343" y="-280"/>
  <i image="skill1_18.png" delay="100" x="-343" y="-280"/>
  <i image="skill1_19.png" delay="100" x="-343" y="-280"/>
  <i image="skill1_20.png" delay="130" x="-343" y="-280"/>
  <i image="skill1_21.png" delay="100" x="-343" y="-280"/>
  <i image="skill1_22.png" delay="100" x="-343" y="-280"/>
  <i image="skill2_0.png" delay="100" x="-343" y="-280"/>
  <i image="skill2_1.png" delay="100" x="-343" y="-280"/>
  <i image="skill2_2.png" delay="100" x="-343" y="-280"/>
  <i image="skill2_3.png" delay="100" x="-343" y="-280"/>
  <i image="skill2_4.png" delay="100" x="-343" y="-280"/>
  <i image="skill2_5.png" delay="100" x="-343" y="-280"/>
  <i image="skill2_6.png" delay="100" x="-343" y="-280"/>
  <i image="skill2_7.png" delay="100" x="-343" y="-280"/>
  <i image="skill2_8.png" delay="100" x="-343" y="-280"/>
  <i image="skill2_9.png" delay="100" x="-343" y="-280"/>
  <i image="skill2_10.png" delay="100" x="-343" y="-280"/>
  <i image="skill2_11.png" delay="100" x="-343" y="-280"/>
  <i image="skill2_12.png" delay="100" x="-343" y="-280"/>
  <i image="skill2_13.png" delay="100" x="-343" y="-280"/>
  <i image="skill2_14.png" delay="100" x="-343" y="-280"/>
  <i image="skill2_15.png" delay="100" x="-343" y="-280"/>
  <i image="skill2_16.png" delay="130" x="-343" y="-280"/>
  <i image="skill2_17.png" delay="100" x="-343" y="-280"/>
  <i image="skill2_18.png" delay="100" x="-343" y="-280"/>
  <i image="skill2_19.png" delay="100" x="-343" y="-280"/>
  <i image="skill2_20.png" delay="130" x="-343" y="-280"/>
  <i image="skill2_21.png" delay="100" x="-343" y="-280"/>
  <i image="skill2_22.png" delay="100" x="-343" y="-280"/>
  <i image="skill3_0.png" delay="100" x="-343" y="-280"/>
  <i image="skill3_1.png" delay="100" x="-343" y="-280"/>
  <i image="skill3_2.png" delay="100" x="-343" y="-280"/>
  <i image="skill3_3.png" delay="100" x="-343" y="-280"/>
  <i image="skill3_4.png" delay="100" x="-343" y="-280"/>
  <i image="skill3_5.png" delay="100" x="-343" y="-280"/>
  <i image="skill3_6.png" delay="100" x="-343" y="-280"/>
  <i image="skill3_7.png" delay="100" x="-343" y="-280"/>
  <i image="skill3_8.png" delay="100" x="-343" y="-280"/>
  <i image="skill3_9.png" delay="100" x="-343" y="-280"/>
  <i image="skill3_10.png" delay="100" x="-343" y="-280"/>
  <i image="skill3_11.png" delay="100" x="-343" y="-280"/>
  <i image="skill3_12.png" delay="100" x="-343" y="-280"/>
  <i image="skill3_13.png" delay="100" x="-343" y="-280"/>
  <i image="skill3_14.png" delay="100" x="-343" y="-280"/>
  <i image="skill3_15.png" delay="100" x="-343" y="-280"/>
  <i image="skill3_16.png" delay="130" x="-343" y="-280"/>
  <i image="skill3_17.png" delay="100" x="-343" y="-280"/>
  <i image="skill3_18.png" delay="100" x="-343" y="-280"/>
  <i image="skill3_19.png" delay="100" x="-343" y="-280"/>
  <i image="skill3_20.png" delay="130" x="-343" y="-280"/>
  <i image="skill3_21.png" delay="100" x="-343" y="-280"/>
  <i image="skill3_22.png" delay="100" x="-343" y="-280"/>
  <i image="skill4_0.png" delay="100" x="-343" y="-280"/>
  <i image="skill4_1.png" delay="100" x="-343" y="-280"/>
  <i image="skill4_2.png" delay="100" x="-343" y="-280"/>
  <i image="skill4_3.png" delay="100" x="-343" y="-280"/>
  <i image="skill4_4.png" delay="100" x="-343" y="-280"/>
  <i image="skill4_5.png" delay="100" x="-343" y="-280"/>
  <i image="skill4_6.png" delay="100" x="-343" y="-280"/>
  <i image="skill4_7.png" delay="100" x="-343" y="-280"/>
  <i image="skill4_8.png" delay="100" x="-343" y="-280"/>
  <i image="skill4_9.png" delay="100" x="-343" y="-280"/>
  <i image="skill4_10.png" delay="100" x="-343" y="-280"/>
  <i image="skill4_11.png" delay="100" x="-343" y="-280"/>
  <i image="skill4_12.png" delay="100" x="-343" y="-280"/>
  <i image="skill4_13.png" delay="100" x="-343" y="-280"/>
  <i image="skill4_14.png" delay="100" x="-343" y="-280"/>
  <i image="skill4_15.png" delay="100" x="-343" y="-280"/>
  <i image="skill4_16.png" delay="130" x="-343" y="-280"/>
  <i image="skill4_17.png" delay="100" x="-343" y="-280"/>
  <i image="skill4_18.png" delay="100" x="-343" y="-280"/>
  <i image="skill4_19.png" delay="100" x="-343" y="-280"/>
  <i image="skill4_20.png" delay="130" x="-343" y="-280"/>
  <i image="skill4_21.png" delay="100" x="-343" y="-280"/>
  <i image="skill4_22.png" delay="100" x="-343" y="-280"/>
  <i image="hit1_0.png" delay="600" x="-312" y="-202"/>
  <i image="die1_0.png" delay="110" x="-350" y="-254"/>
  <i image="die1_1.png" delay="110" x="-350" y="-254"/>
  <i image="die1_2.png" delay="110" x="-350" y="-254"/>
  <i image="die1_3.png" delay="110" x="-350" y="-254"/>
  <i image="die1_4.png" delay="110" x="-350" y="-254"/>
  <i image="die1_5.png" delay="110" x="-350" y="-254"/>
  <i image="die1_6.png" delay="110" x="-350" y="-254"/>
  <i image="die1_7.png" delay="110" x="-350" y="-254"/>
  <i image="die1_8.png" delay="110" x="-350" y="-254"/>
  <i image="die1_9.png" delay="110" x="-350" y="-254"/>
  <i image="die1_10.png" delay="110" x="-350" y="-254"/>
  <i image="die1_11.png" delay="110" x="-350" y="-254"/>
  <i image="die1_12.png" delay="110" x="-350" y="-254"/>
  <i image="die1_13.png" delay="110" x="-350" y="-254"/>
  <i image="die1_14.png" delay="110" x="-350" y="-254"/>
  <i image="die1_15.png" delay="110" x="-350" y="-254"/>
  <i image="die1_16.png" delay="110" x="-350" y="-254"/>
  <i image="die1_17.png" delay="110" x="-350" y="-254"/>
  <i image="die1_18.png" delay="110" x="-350" y="-254"/>
  <i image="die1_19.png" delay="300" x="-350" y="-254"/>
</i>