<i>
  <i image="regen_0.png" delay="120" x="-272" y="-494"/>
  <i image="regen_1.png" delay="120" x="-272" y="-494"/>
  <i image="regen_2.png" delay="120" x="-272" y="-494"/>
  <i image="regen_3.png" delay="120" x="-272" y="-494"/>
  <i image="regen_4.png" delay="120" x="-272" y="-494"/>
  <i image="regen_5.png" delay="120" x="-272" y="-494"/>
  <i image="regen_6.png" delay="120" x="-272" y="-494"/>
  <i image="regen_7.png" delay="120" x="-272" y="-494"/>
  <i image="regen_8.png" delay="120" x="-272" y="-494"/>
  <i image="stand_0.png" delay="130" x="-239" y="-375"/>
  <i image="stand_1.png" delay="100" x="-239" y="-375"/>
  <i image="stand_2.png" delay="100" x="-239" y="-375"/>
  <i image="stand_3.png" delay="100" x="-239" y="-375"/>
  <i image="stand_4.png" delay="130" x="-239" y="-375"/>
  <i image="stand_5.png" delay="100" x="-239" y="-375"/>
  <i image="stand_6.png" delay="100" x="-239" y="-375"/>
  <i image="stand_7.png" delay="100" x="-239" y="-375"/>
  <i image="skill1_0.png" delay="100" x="-344" y="-375"/>
  <i image="skill1_1.png" delay="100" x="-344" y="-375"/>
  <i image="skill1_2.png" delay="100" x="-344" y="-375"/>
  <i image="skill1_3.png" delay="100" x="-344" y="-375"/>
  <i image="skill1_4.png" delay="100" x="-344" y="-375"/>
  <i image="skill1_5.png" delay="100" x="-344" y="-375"/>
  <i image="skill1_6.png" delay="100" x="-344" y="-375"/>
  <i image="skill1_7.png" delay="100" x="-344" y="-375"/>
  <i image="skill1_8.png" delay="100" x="-344" y="-375"/>
  <i image="skill1_9.png" delay="100" x="-344" y="-375"/>
  <i image="skill1_10.png" delay="100" x="-344" y="-375"/>
  <i image="skill1_11.png" delay="100" x="-344" y="-375"/>
  <i image="skill1_12.png" delay="100" x="-344" y="-375"/>
  <i image="skill1_13.png" delay="100" x="-344" y="-375"/>
  <i image="skill1_14.png" delay="100" x="-344" y="-375"/>
  <i image="skill1_15.png" delay="100" x="-344" y="-375"/>
  <i image="skill1_16.png" delay="100" x="-344" y="-375"/>
  <i image="skill1_17.png" delay="100" x="-344" y="-375"/>
  <i image="skill1_18.png" delay="130" x="-344" y="-375"/>
  <i image="skill1_19.png" delay="100" x="-344" y="-375"/>
  <i image="skill1_20.png" delay="100" x="-344" y="-375"/>
  <i image="skill1_21.png" delay="100" x="-344" y="-375"/>
  <i image="attack1.info.effect.0_0.png" delay="100" x="-42" y="-58"/>
  <i image="attack1.info.effect.0_1.png" delay="100" x="-42" y="-58"/>
  <i image="attack1.info.effect.0_2.png" delay="100" x="-42" y="-58"/>
  <i image="attack1.info.effect.1_0.png" delay="100" x="-26" y="-35"/>
  <i image="attack1.info.effect.1_1.png" delay="100" x="-26" y="-35"/>
  <i image="attack1.info.effect.1_2.png" delay="100" x="-26" y="-35"/>
  <i image="attack1.info.effect.2_0.png" delay="100" x="-29" y="-34"/>
  <i image="attack1.info.effect.2_1.png" delay="100" x="-29" y="-34"/>
  <i image="attack1.info.effect.2_2.png" delay="100" x="-29" y="-34"/>
  <i image="attack1.info.hit_0.png" delay="100" x="-41" y="-50"/>
  <i image="attack1.info.hit_1.png" delay="100" x="-41" y="-50"/>
  <i image="attack1.info.hit_2.png" delay="100" x="-41" y="-50"/>
  <i image="attack1.info.hit_3.png" delay="100" x="-41" y="-50"/>
  <i image="attack1_0.png" delay="100" x="-342" y="-375"/>
  <i image="attack1_1.png" delay="100" x="-342" y="-375"/>
  <i image="attack1_2.png" delay="100" x="-342" y="-375"/>
  <i image="attack1_3.png" delay="100" x="-342" y="-375"/>
  <i image="attack1_4.png" delay="100" x="-342" y="-375"/>
  <i image="attack1_5.png" delay="100" x="-342" y="-375"/>
  <i image="attack1_6.png" delay="100" x="-342" y="-375"/>
  <i image="attack1_7.png" delay="100" x="-342" y="-375"/>
  <i image="attack1_8.png" delay="100" x="-342" y="-375"/>
  <i image="attack1_9.png" delay="100" x="-342" y="-375"/>
  <i image="attack1_10.png" delay="100" x="-342" y="-375"/>
  <i image="attack1_11.png" delay="100" x="-342" y="-375"/>
  <i image="attack1_12.png" delay="100" x="-342" y="-375"/>
  <i image="attack1_13.png" delay="100" x="-342" y="-375"/>
  <i image="attack1_14.png" delay="100" x="-342" y="-375"/>
  <i image="attack1_15.png" delay="100" x="-342" y="-375"/>
  <i image="attack1_16.png" delay="100" x="-342" y="-375"/>
  <i image="attack1_17.png" delay="100" x="-342" y="-375"/>
  <i image="attack1_18.png" delay="130" x="-342" y="-375"/>
  <i image="attack1_19.png" delay="100" x="-342" y="-375"/>
  <i image="attack1_20.png" delay="100" x="-342" y="-375"/>
  <i image="attack1_21.png" delay="100" x="-342" y="-375"/>
  <i image="attack1_22.png" delay="100" x="-342" y="-375"/>
  <i image="attack1_23.png" delay="100" x="-342" y="-375"/>
  <i image="attack1_24.png" delay="130" x="-342" y="-375"/>
  <i image="attack1_25.png" delay="100" x="-342" y="-375"/>
  <i image="attack1_26.png" delay="100" x="-342" y="-375"/>
  <i image="attack1_27.png" delay="100" x="-342" y="-375"/>
  <i image="attack1_28.png" delay="130" x="-342" y="-375"/>
  <i image="attack1_29.png" delay="100" x="-342" y="-375"/>
  <i image="attack1_30.png" delay="100" x="-342" y="-375"/>
  <i image="attack1_31.png" delay="100" x="-342" y="-375"/>
  <i image="attack1_32.png" delay="130" x="-342" y="-375"/>
  <i image="attack1_33.png" delay="100" x="-342" y="-375"/>
  <i image="attack1_34.png" delay="100" x="-342" y="-375"/>
  <i image="attack1_35.png" delay="100" x="-342" y="-375"/>
  <i image="attack1_36.png" delay="130" x="-342" y="-375"/>
  <i image="attack1_37.png" delay="100" x="-342" y="-375"/>
  <i image="attack1_38.png" delay="100" x="-342" y="-375"/>
  <i image="attack1_39.png" delay="100" x="-342" y="-375"/>
  <i image="attack1_40.png" delay="130" x="-342" y="-375"/>
  <i image="attack1_41.png" delay="100" x="-342" y="-375"/>
  <i image="attack1_42.png" delay="100" x="-342" y="-375"/>
  <i image="attack1_43.png" delay="100" x="-342" y="-375"/>
  <i image="attack1_44.png" delay="130" x="-342" y="-375"/>
  <i image="hit1_0.png" delay="600" x="-303" y="-328"/>
  <i image="die1_0.png" delay="110" x="-329" y="-409"/>
  <i image="die1_1.png" delay="110" x="-329" y="-409"/>
  <i image="die1_2.png" delay="110" x="-329" y="-409"/>
  <i image="die1_3.png" delay="110" x="-329" y="-409"/>
  <i image="die1_4.png" delay="110" x="-329" y="-409"/>
  <i image="die1_5.png" delay="110" x="-329" y="-409"/>
  <i image="die1_6.png" delay="110" x="-329" y="-409"/>
  <i image="die1_7.png" delay="110" x="-329" y="-409"/>
  <i image="die1_8.png" delay="110" x="-329" y="-409"/>
  <i image="die1_9.png" delay="110" x="-329" y="-409"/>
  <i image="die1_10.png" delay="110" x="-329" y="-409"/>
  <i image="die1_11.png" delay="110" x="-329" y="-409"/>
  <i image="die1_12.png" delay="110" x="-329" y="-409"/>
  <i image="die1_13.png" delay="110" x="-329" y="-409"/>
  <i image="die1_14.png" delay="110" x="-329" y="-409"/>
  <i image="die1_15.png" delay="110" x="-329" y="-409"/>
  <i image="die1_16.png" delay="110" x="-329" y="-409"/>
  <i image="die1_17.png" delay="110" x="-329" y="-409"/>
  <i image="die1_18.png" delay="110" x="-329" y="-409"/>
  <i image="die1_19.png" delay="300" x="-329" y="-409"/>
</i>