<i>
  <i image="regen_0.png" delay="120" x="28" y="-486"/>
  <i image="regen_1.png" delay="120" x="28" y="-486"/>
  <i image="regen_2.png" delay="120" x="28" y="-486"/>
  <i image="regen_3.png" delay="120" x="28" y="-486"/>
  <i image="regen_4.png" delay="120" x="28" y="-486"/>
  <i image="regen_5.png" delay="120" x="28" y="-486"/>
  <i image="regen_6.png" delay="120" x="28" y="-486"/>
  <i image="regen_7.png" delay="120" x="28" y="-486"/>
  <i image="regen_8.png" delay="120" x="28" y="-486"/>
  <i image="stand_0.png" delay="130" x="37" y="-411"/>
  <i image="stand_1.png" delay="100" x="37" y="-411"/>
  <i image="stand_2.png" delay="100" x="37" y="-411"/>
  <i image="stand_3.png" delay="100" x="37" y="-411"/>
  <i image="stand_4.png" delay="130" x="37" y="-411"/>
  <i image="stand_5.png" delay="100" x="37" y="-411"/>
  <i image="stand_6.png" delay="100" x="37" y="-411"/>
  <i image="stand_7.png" delay="100" x="37" y="-411"/>
  <i image="attack1.info.hit_0.png" delay="100" x="-57" y="-116"/>
  <i image="attack1.info.hit_1.png" delay="100" x="-57" y="-116"/>
  <i image="attack1.info.hit_2.png" delay="100" x="-57" y="-116"/>
  <i image="attack1.info.hit_3.png" delay="100" x="-57" y="-116"/>
  <i image="attack1.info.hit_4.png" delay="100" x="-57" y="-116"/>
  <i image="attack1.info.hit_5.png" delay="100" x="-57" y="-116"/>
  <i image="attack1.info.hit_6.png" delay="100" x="-57" y="-116"/>
  <i image="attack1_0.png" delay="115" x="37" y="-471"/>
  <i image="attack1_1.png" delay="115" x="37" y="-471"/>
  <i image="attack1_2.png" delay="115" x="37" y="-471"/>
  <i image="attack1_3.png" delay="115" x="37" y="-471"/>
  <i image="attack1_4.png" delay="115" x="37" y="-471"/>
  <i image="attack1_5.png" delay="115" x="37" y="-471"/>
  <i image="attack1_6.png" delay="115" x="37" y="-471"/>
  <i image="attack1_7.png" delay="115" x="37" y="-471"/>
  <i image="attack1_8.png" delay="115" x="37" y="-471"/>
  <i image="attack1_9.png" delay="115" x="37" y="-471"/>
  <i image="attack1_10.png" delay="115" x="37" y="-471"/>
  <i image="attack1_11.png" delay="115" x="37" y="-471"/>
  <i image="attack1_12.png" delay="115" x="37" y="-471"/>
  <i image="attack1_13.png" delay="130" x="37" y="-471"/>
  <i image="attack1_14.png" delay="100" x="37" y="-471"/>
  <i image="attack1_15.png" delay="100" x="37" y="-471"/>
  <i image="attack1_16.png" delay="100" x="37" y="-471"/>
  <i image="attack1_17.png" delay="130" x="37" y="-471"/>
  <i image="attack1_18.png" delay="100" x="37" y="-471"/>
  <i image="attack1_19.png" delay="100" x="37" y="-471"/>
  <i image="attack1_20.png" delay="100" x="37" y="-471"/>
  <i image="attack1_21.png" delay="130" x="37" y="-471"/>
  <i image="attack1_22.png" delay="100" x="37" y="-471"/>
  <i image="attack1_23.png" delay="100" x="37" y="-471"/>
  <i image="attack1_24.png" delay="100" x="37" y="-471"/>
  <i image="attack1_25.png" delay="130" x="37" y="-471"/>
  <i image="attack1_26.png" delay="100" x="37" y="-471"/>
  <i image="attack1_27.png" delay="100" x="37" y="-471"/>
  <i image="attack1_28.png" delay="100" x="37" y="-471"/>
  <i image="attack1_29.png" delay="130" x="37" y="-471"/>
  <i image="attack1_30.png" delay="100" x="37" y="-471"/>
  <i image="attack1_31.png" delay="100" x="37" y="-471"/>
  <i image="attack1_32.png" delay="100" x="37" y="-471"/>
  <i image="attack1_33.png" delay="130" x="37" y="-471"/>
  <i image="attack1_34.png" delay="100" x="37" y="-471"/>
  <i image="attack1_35.png" delay="100" x="37" y="-471"/>
  <i image="attack1_36.png" delay="100" x="37" y="-471"/>
  <i image="attack2.info.hit_0.png" delay="100" x="-58" y="-116"/>
  <i image="attack2.info.hit_1.png" delay="100" x="-58" y="-116"/>
  <i image="attack2.info.hit_2.png" delay="100" x="-58" y="-116"/>
  <i image="attack2.info.hit_3.png" delay="100" x="-58" y="-116"/>
  <i image="attack2.info.hit_4.png" delay="100" x="-58" y="-116"/>
  <i image="attack2.info.hit_5.png" delay="100" x="-58" y="-116"/>
  <i image="attack2.info.hit_6.png" delay="100" x="-58" y="-116"/>
  <i image="attack2_0.png" delay="115" x="37" y="-471"/>
  <i image="attack2_1.png" delay="115" x="37" y="-471"/>
  <i image="attack2_2.png" delay="115" x="37" y="-471"/>
  <i image="attack2_3.png" delay="115" x="37" y="-471"/>
  <i image="attack2_4.png" delay="115" x="37" y="-471"/>
  <i image="attack2_5.png" delay="115" x="37" y="-471"/>
  <i image="attack2_6.png" delay="115" x="37" y="-471"/>
  <i image="attack2_7.png" delay="115" x="37" y="-471"/>
  <i image="attack2_8.png" delay="115" x="37" y="-471"/>
  <i image="attack2_9.png" delay="115" x="37" y="-471"/>
  <i image="attack2_10.png" delay="115" x="37" y="-471"/>
  <i image="attack2_11.png" delay="115" x="37" y="-471"/>
  <i image="attack2_12.png" delay="115" x="37" y="-471"/>
  <i image="attack2_13.png" delay="130" x="37" y="-471"/>
  <i image="attack2_14.png" delay="100" x="37" y="-471"/>
  <i image="attack2_15.png" delay="100" x="37" y="-471"/>
  <i image="attack2_16.png" delay="100" x="37" y="-471"/>
  <i image="attack2_17.png" delay="130" x="37" y="-471"/>
  <i image="attack2_18.png" delay="100" x="37" y="-471"/>
  <i image="attack2_19.png" delay="100" x="37" y="-471"/>
  <i image="attack2_20.png" delay="100" x="37" y="-471"/>
  <i image="attack2_21.png" delay="130" x="37" y="-471"/>
  <i image="attack2_22.png" delay="100" x="37" y="-471"/>
  <i image="attack2_23.png" delay="100" x="37" y="-471"/>
  <i image="attack2_24.png" delay="100" x="37" y="-471"/>
  <i image="attack2_25.png" delay="130" x="37" y="-471"/>
  <i image="attack2_26.png" delay="100" x="37" y="-471"/>
  <i image="attack2_27.png" delay="100" x="37" y="-471"/>
  <i image="attack2_28.png" delay="100" x="37" y="-471"/>
  <i image="attack2_29.png" delay="130" x="37" y="-471"/>
  <i image="attack2_30.png" delay="100" x="37" y="-471"/>
  <i image="attack2_31.png" delay="100" x="37" y="-471"/>
  <i image="attack2_32.png" delay="100" x="37" y="-471"/>
  <i image="attack2_33.png" delay="130" x="37" y="-471"/>
  <i image="attack2_34.png" delay="100" x="37" y="-471"/>
  <i image="attack2_35.png" delay="100" x="37" y="-471"/>
  <i image="attack2_36.png" delay="100" x="37" y="-471"/>
  <i image="attack2_37.png" delay="130" x="37" y="-471"/>
  <i image="attack2_38.png" delay="100" x="37" y="-471"/>
  <i image="attack2_39.png" delay="100" x="37" y="-471"/>
  <i image="attack2_40.png" delay="100" x="37" y="-471"/>
  <i image="attack2_41.png" delay="130" x="37" y="-471"/>
  <i image="attack2_42.png" delay="100" x="37" y="-471"/>
  <i image="attack2_43.png" delay="100" x="37" y="-471"/>
  <i image="attack2_44.png" delay="100" x="37" y="-471"/>
  <i image="attack3.info.hit_0.png" delay="100" x="-57" y="-116"/>
  <i image="attack3.info.hit_1.png" delay="100" x="-57" y="-116"/>
  <i image="attack3.info.hit_2.png" delay="100" x="-57" y="-116"/>
  <i image="attack3.info.hit_3.png" delay="100" x="-57" y="-116"/>
  <i image="attack3.info.hit_4.png" delay="100" x="-57" y="-116"/>
  <i image="attack3.info.hit_5.png" delay="100" x="-57" y="-116"/>
  <i image="attack3.info.hit_6.png" delay="100" x="-57" y="-116"/>
  <i image="attack3_0.png" delay="115" x="37" y="-471"/>
  <i image="attack3_1.png" delay="115" x="37" y="-471"/>
  <i image="attack3_2.png" delay="115" x="37" y="-471"/>
  <i image="attack3_3.png" delay="115" x="37" y="-471"/>
  <i image="attack3_4.png" delay="115" x="37" y="-471"/>
  <i image="attack3_5.png" delay="115" x="37" y="-471"/>
  <i image="attack3_6.png" delay="115" x="37" y="-471"/>
  <i image="attack3_7.png" delay="115" x="37" y="-471"/>
  <i image="attack3_8.png" delay="115" x="37" y="-471"/>
  <i image="attack3_9.png" delay="115" x="37" y="-471"/>
  <i image="attack3_10.png" delay="115" x="37" y="-471"/>
  <i image="attack3_11.png" delay="115" x="37" y="-471"/>
  <i image="attack3_12.png" delay="115" x="37" y="-471"/>
  <i image="attack3_13.png" delay="130" x="37" y="-471"/>
  <i image="attack3_14.png" delay="100" x="37" y="-471"/>
  <i image="attack3_15.png" delay="100" x="37" y="-471"/>
  <i image="attack3_16.png" delay="100" x="37" y="-471"/>
  <i image="attack3_17.png" delay="130" x="37" y="-471"/>
  <i image="attack3_18.png" delay="100" x="37" y="-471"/>
  <i image="attack3_19.png" delay="100" x="37" y="-471"/>
  <i image="attack3_20.png" delay="100" x="37" y="-471"/>
  <i image="attack3_21.png" delay="130" x="37" y="-471"/>
  <i image="attack3_22.png" delay="100" x="37" y="-471"/>
  <i image="attack3_23.png" delay="100" x="37" y="-471"/>
  <i image="attack3_24.png" delay="100" x="37" y="-471"/>
  <i image="attack3_25.png" delay="130" x="37" y="-471"/>
  <i image="attack3_26.png" delay="100" x="37" y="-471"/>
  <i image="attack3_27.png" delay="100" x="37" y="-471"/>
  <i image="attack3_28.png" delay="100" x="37" y="-471"/>
  <i image="attack3_29.png" delay="130" x="37" y="-471"/>
  <i image="attack3_30.png" delay="100" x="37" y="-471"/>
  <i image="attack3_31.png" delay="100" x="37" y="-471"/>
  <i image="attack3_32.png" delay="100" x="37" y="-471"/>
  <i image="attack3_33.png" delay="130" x="37" y="-471"/>
  <i image="attack3_34.png" delay="100" x="37" y="-471"/>
  <i image="attack3_35.png" delay="100" x="37" y="-471"/>
  <i image="attack3_36.png" delay="100" x="37" y="-471"/>
  <i image="attack4.info.hit_0.png" delay="100" x="-57" y="-116"/>
  <i image="attack4.info.hit_1.png" delay="100" x="-57" y="-116"/>
  <i image="attack4.info.hit_2.png" delay="100" x="-57" y="-116"/>
  <i image="attack4.info.hit_3.png" delay="100" x="-57" y="-116"/>
  <i image="attack4.info.hit_4.png" delay="100" x="-57" y="-116"/>
  <i image="attack4.info.hit_5.png" delay="100" x="-57" y="-116"/>
  <i image="attack4.info.hit_6.png" delay="100" x="-57" y="-116"/>
  <i image="attack4_0.png" delay="115" x="37" y="-471"/>
  <i image="attack4_1.png" delay="115" x="37" y="-471"/>
  <i image="attack4_2.png" delay="115" x="37" y="-471"/>
  <i image="attack4_3.png" delay="115" x="37" y="-471"/>
  <i image="attack4_4.png" delay="115" x="37" y="-471"/>
  <i image="attack4_5.png" delay="115" x="37" y="-471"/>
  <i image="attack4_6.png" delay="115" x="37" y="-471"/>
  <i image="attack4_7.png" delay="115" x="37" y="-471"/>
  <i image="attack4_8.png" delay="115" x="37" y="-471"/>
  <i image="attack4_9.png" delay="115" x="37" y="-471"/>
  <i image="attack4_10.png" delay="115" x="37" y="-471"/>
  <i image="attack4_11.png" delay="115" x="37" y="-471"/>
  <i image="attack4_12.png" delay="115" x="37" y="-471"/>
  <i image="attack4_13.png" delay="130" x="37" y="-471"/>
  <i image="attack4_14.png" delay="100" x="37" y="-471"/>
  <i image="attack4_15.png" delay="100" x="37" y="-471"/>
  <i image="attack4_16.png" delay="100" x="37" y="-471"/>
  <i image="attack4_17.png" delay="130" x="37" y="-471"/>
  <i image="attack4_18.png" delay="100" x="37" y="-471"/>
  <i image="attack4_19.png" delay="100" x="37" y="-471"/>
  <i image="attack4_20.png" delay="100" x="37" y="-471"/>
  <i image="attack4_21.png" delay="130" x="37" y="-471"/>
  <i image="attack4_22.png" delay="100" x="37" y="-471"/>
  <i image="attack4_23.png" delay="100" x="37" y="-471"/>
  <i image="attack4_24.png" delay="100" x="37" y="-471"/>
  <i image="attack4_25.png" delay="130" x="37" y="-471"/>
  <i image="attack4_26.png" delay="100" x="37" y="-471"/>
  <i image="attack4_27.png" delay="100" x="37" y="-471"/>
  <i image="attack4_28.png" delay="100" x="37" y="-471"/>
  <i image="attack4_29.png" delay="130" x="37" y="-471"/>
  <i image="attack4_30.png" delay="100" x="37" y="-471"/>
  <i image="attack4_31.png" delay="100" x="37" y="-471"/>
  <i image="attack4_32.png" delay="100" x="37" y="-471"/>
  <i image="attack4_33.png" delay="130" x="37" y="-471"/>
  <i image="attack4_34.png" delay="100" x="37" y="-471"/>
  <i image="attack4_35.png" delay="100" x="37" y="-471"/>
  <i image="attack4_36.png" delay="100" x="37" y="-471"/>
  <i image="hit1_0.png" delay="600" x="37" y="-460"/>
  <i image="die1_0.png" delay="110" x="27" y="-486"/>
  <i image="die1_1.png" delay="110" x="27" y="-486"/>
  <i image="die1_2.png" delay="110" x="27" y="-486"/>
  <i image="die1_3.png" delay="110" x="27" y="-486"/>
  <i image="die1_4.png" delay="110" x="27" y="-486"/>
  <i image="die1_5.png" delay="110" x="27" y="-486"/>
  <i image="die1_6.png" delay="110" x="27" y="-486"/>
  <i image="die1_7.png" delay="110" x="27" y="-486"/>
  <i image="die1_8.png" delay="110" x="27" y="-486"/>
  <i image="die1_9.png" delay="110" x="27" y="-486"/>
  <i image="die1_10.png" delay="110" x="27" y="-486"/>
  <i image="die1_11.png" delay="110" x="27" y="-486"/>
  <i image="die1_12.png" delay="110" x="27" y="-486"/>
  <i image="die1_13.png" delay="110" x="27" y="-486"/>
  <i image="die1_14.png" delay="110" x="27" y="-486"/>
  <i image="die1_15.png" delay="110" x="27" y="-486"/>
  <i image="die1_16.png" delay="110" x="27" y="-486"/>
  <i image="die1_17.png" delay="110" x="27" y="-486"/>
  <i image="die1_18.png" delay="110" x="27" y="-486"/>
  <i image="die1_19.png" delay="300" x="27" y="-486"/>
</i>